,CASE_ID,Activity,Start,Complete,StartTimestamp,weight,Duration,Resource,StartDate,CompleteDate,CompleteTimestamp
0,683244,Registration,8,22.0,2018-12-01 00:08:00,17,14.0,8805,2018-12-01,2018-12-01,2018-12-01 00:22:00
1,683244,Inspection,9,23.0,2018-12-01 00:09:00,17,14.0,37303,2018-12-01,2018-12-01,2018-12-01 00:23:00
2,683244,Oil Change,11,25.0,2018-12-01 00:11:00,17,14.0,52577,2018-12-01,2018-12-01,2018-12-01 00:25:00
3,683244,Engine Inspection,13,28.0,2018-12-01 00:13:00,17,15.0,50054,2018-12-01,2018-12-01,2018-12-01 00:28:00
4,683244,Diagnosis and Tune-up,16,31.0,2018-12-01 00:16:00,17,15.0,4135,2018-12-01,2018-12-01,2018-12-01 00:31:00
5,683244,Tire Rotation,18,33.0,2018-12-01 00:18:00,17,15.0,16716,2018-12-01,2018-12-01,2018-12-01 00:33:00
6,683244,Discharge,22,37.0,2018-12-01 00:22:00,17,15.0,7727,2018-12-01,2018-12-01,2018-12-01 00:37:00
7,398055,Registration,83,97.0,2018-12-01 01:23:00,72,14.0,32468,2018-12-01,2018-12-01,2018-12-01 01:37:00
8,398055,Inspection,85,99.0,2018-12-01 01:25:00,72,14.0,49870,2018-12-01,2018-12-01,2018-12-01 01:39:00
9,398055,Oil Change,88,103.0,2018-12-01 01:28:00,72,15.0,29457,2018-12-01,2018-12-01,2018-12-01 01:43:00
10,398055,Engine Inspection,92,106.0,2018-12-01 01:32:00,72,14.0,30949,2018-12-01,2018-12-01,2018-12-01 01:46:00
11,398055,Diagnosis and Tune-up,95,110.0,2018-12-01 01:35:00,72,15.0,42702,2018-12-01,2018-12-01,2018-12-01 01:50:00
12,398055,Tire Rotation,98,112.0,2018-12-01 01:38:00,72,14.0,24878,2018-12-01,2018-12-01,2018-12-01 01:52:00
13,398055,Discharge,99,113.0,2018-12-01 01:39:00,72,14.0,51689,2018-12-01,2018-12-01,2018-12-01 01:53:00
14,827036,Registration,90,104.0,2018-12-01 01:30:00,97,14.0,13759,2018-12-01,2018-12-01,2018-12-01 01:44:00
15,827036,Inspection,91,106.0,2018-12-01 01:31:00,97,15.0,6151,2018-12-01,2018-12-01,2018-12-01 01:46:00
16,827036,Oil Change,93,108.0,2018-12-01 01:33:00,97,15.0,31972,2018-12-01,2018-12-01,2018-12-01 01:48:00
17,827036,Engine Inspection,97,111.0,2018-12-01 01:37:00,97,14.0,1857,2018-12-01,2018-12-01,2018-12-01 01:51:00
18,827036,Diagnosis and Tune-up,98,114.0,2018-12-01 01:38:00,97,16.0,25546,2018-12-01,2018-12-01,2018-12-01 01:54:00
19,827036,Tire Rotation,103,119.0,2018-12-01 01:43:00,97,16.0,28361,2018-12-01,2018-12-01,2018-12-01 01:59:00
20,827036,Discharge,108,124.0,2018-12-01 01:48:00,97,16.0,39809,2018-12-01,2018-12-01,2018-12-01 02:51:00
21,220153,Registration,96,111.0,2018-12-01 01:36:00,17,15.0,49956,2018-12-01,2018-12-01,2018-12-01 01:51:00
22,220153,Inspection,98,113.0,2018-12-01 01:38:00,17,15.0,50276,2018-12-01,2018-12-01,2018-12-01 01:53:00
23,220153,Oil Change,100,116.0,2018-12-01 01:40:00,17,16.0,138,2018-12-01,2018-12-01,2018-12-01 01:56:00
24,220153,Engine Inspection,103,117.0,2018-12-01 01:43:00,17,14.0,45602,2018-12-01,2018-12-01,2018-12-01 01:57:00
25,220153,Diagnosis and Tune-up,106,120.0,2018-12-01 01:46:00,17,14.0,29188,2018-12-01,2018-12-01,2018-12-01 02:47:00
26,220153,Tire Rotation,107,121.0,2018-12-01 01:47:00,17,14.0,17454,2018-12-01,2018-12-01,2018-12-01 02:48:00
27,220153,Discharge,110,124.0,2018-12-01 01:50:00,17,14.0,47286,2018-12-01,2018-12-01,2018-12-01 02:51:00
28,98418,Registration,105,119.0,2018-12-01 01:45:00,72,14.0,52548,2018-12-01,2018-12-01,2018-12-01 01:59:00
29,98418,Inspection,109,125.0,2018-12-01 01:49:00,72,16.0,14992,2018-12-01,2018-12-01,2018-12-01 02:52:00
30,98418,Oil Change,113,129.0,2018-12-01 01:53:00,72,16.0,38741,2018-12-01,2018-12-01,2018-12-01 02:56:00
31,98418,Engine Inspection,118,133.0,2018-12-01 01:58:00,72,15.0,6699,2018-12-01,2018-12-01,2018-12-01 02:13:00
32,98418,Diagnosis and Tune-up,120,135.0,2018-12-01 02:00:00,72,15.0,20803,2018-12-01,2018-12-01,2018-12-01 02:15:00
33,98418,Tire Rotation,124,138.0,2018-12-01 02:04:00,72,14.0,2004,2018-12-01,2018-12-01,2018-12-01 02:18:00
34,98418,Discharge,125,141.0,2018-12-01 02:05:00,72,16.0,1462,2018-12-01,2018-12-01,2018-12-01 02:21:00
35,511554,Registration,114,128.0,2018-12-01 01:54:00,8,14.0,1667,2018-12-01,2018-12-01,2018-12-01 02:55:00
36,511554,Inspection,115,129.0,2018-12-01 01:55:00,8,14.0,42568,2018-12-01,2018-12-01,2018-12-01 02:56:00
37,511554,Oil Change,117,131.0,2018-12-01 01:57:00,8,14.0,35482,2018-12-01,2018-12-01,2018-12-01 02:58:00
38,511554,Engine Inspection,118,134.0,2018-12-01 01:58:00,8,16.0,603,2018-12-01,2018-12-01,2018-12-01 02:14:00
39,511554,Diagnosis and Tune-up,121,135.0,2018-12-01 02:01:00,8,14.0,24982,2018-12-01,2018-12-01,2018-12-01 02:15:00
40,511554,Tire Rotation,123,137.0,2018-12-01 02:03:00,8,14.0,44989,2018-12-01,2018-12-01,2018-12-01 02:17:00
41,511554,Discharge,125,140.0,2018-12-01 02:05:00,8,15.0,14195,2018-12-01,2018-12-01,2018-12-01 02:20:00
42,29724,Registration,120,135.0,2018-12-01 02:00:00,32,15.0,27663,2018-12-01,2018-12-01,2018-12-01 02:15:00
43,29724,Inspection,122,137.0,2018-12-01 02:02:00,32,15.0,47569,2018-12-01,2018-12-01,2018-12-01 02:17:00
44,29724,Oil Change,124,139.0,2018-12-01 02:04:00,32,15.0,1903,2018-12-01,2018-12-01,2018-12-01 02:19:00
45,29724,Engine Inspection,126,142.0,2018-12-01 02:06:00,32,16.0,34578,2018-12-01,2018-12-01,2018-12-01 02:22:00
46,29724,Diagnosis and Tune-up,129,145.0,2018-12-01 02:09:00,32,16.0,14528,2018-12-01,2018-12-01,2018-12-01 02:25:00
47,29724,Tire Rotation,132,146.0,2018-12-01 02:12:00,32,14.0,50049,2018-12-01,2018-12-01,2018-12-01 02:26:00
48,29724,Discharge,133,147.0,2018-12-01 02:13:00,32,14.0,28697,2018-12-01,2018-12-01,2018-12-01 02:27:00
49,936710,Registration,128,143.0,2018-12-01 02:08:00,15,15.0,32493,2018-12-01,2018-12-01,2018-12-01 02:23:00
50,936710,Inspection,131,147.0,2018-12-01 02:11:00,15,16.0,36232,2018-12-01,2018-12-01,2018-12-01 02:27:00
51,936710,Oil Change,136,151.0,2018-12-01 02:16:00,15,15.0,15275,2018-12-01,2018-12-01,2018-12-01 02:31:00
52,936710,Engine Inspection,140,156.0,2018-12-01 02:20:00,15,16.0,22655,2018-12-01,2018-12-01,2018-12-01 02:36:00
53,936710,Diagnosis and Tune-up,143,158.0,2018-12-01 02:23:00,15,15.0,15130,2018-12-01,2018-12-01,2018-12-01 02:38:00
54,936710,Tire Rotation,145,159.0,2018-12-01 02:25:00,15,14.0,44357,2018-12-01,2018-12-01,2018-12-01 02:39:00
55,936710,Discharge,148,163.0,2018-12-01 02:28:00,15,15.0,14338,2018-12-01,2018-12-01,2018-12-01 02:43:00
56,876363,Registration,137,151.0,2018-12-01 02:17:00,72,14.0,49869,2018-12-01,2018-12-01,2018-12-01 02:31:00
57,876363,Inspection,139,153.0,2018-12-01 02:19:00,72,14.0,30120,2018-12-01,2018-12-01,2018-12-01 02:33:00
58,876363,Oil Change,142,157.0,2018-12-01 02:22:00,72,15.0,18991,2018-12-01,2018-12-01,2018-12-01 02:37:00
59,876363,Engine Inspection,146,160.0,2018-12-01 02:26:00,72,14.0,1408,2018-12-01,2018-12-01,2018-12-01 02:40:00
60,876363,Diagnosis and Tune-up,147,161.0,2018-12-01 02:27:00,72,14.0,27274,2018-12-01,2018-12-01,2018-12-01 02:41:00
61,876363,Tire Rotation,148,163.0,2018-12-01 02:28:00,72,15.0,36467,2018-12-01,2018-12-01,2018-12-01 02:43:00
62,876363,Discharge,150,164.0,2018-12-01 02:30:00,72,14.0,42093,2018-12-01,2018-12-01,2018-12-01 02:44:00
63,408744,Registration,144,159.0,2018-12-01 02:24:00,72,15.0,6553,2018-12-01,2018-12-01,2018-12-01 02:39:00
64,408744,Inspection,146,160.0,2018-12-01 02:26:00,72,14.0,12183,2018-12-01,2018-12-01,2018-12-01 02:40:00
65,408744,Oil Change,147,163.0,2018-12-01 02:27:00,72,16.0,41245,2018-12-01,2018-12-01,2018-12-01 02:43:00
66,408744,Engine Inspection,152,166.0,2018-12-01 02:32:00,72,14.0,47424,2018-12-01,2018-12-01,2018-12-01 02:46:00
67,408744,Diagnosis and Tune-up,153,167.0,2018-12-01 02:33:00,72,14.0,19424,2018-12-01,2018-12-01,2018-12-01 02:47:00
68,408744,Tire Rotation,154,168.0,2018-12-01 02:34:00,72,14.0,7922,2018-12-01,2018-12-01,2018-12-01 02:48:00
69,408744,Discharge,155,169.0,2018-12-01 02:35:00,72,14.0,48702,2018-12-01,2018-12-01,2018-12-01 02:49:00
70,453789,Registration,155,169.0,2018-12-01 02:35:00,63,14.0,21803,2018-12-01,2018-12-01,2018-12-01 02:49:00
71,453789,Inspection,156,172.0,2018-12-01 02:36:00,63,16.0,47283,2018-12-01,2018-12-01,2018-12-01 02:52:00
72,453789,Oil Change,161,176.0,2018-12-01 02:41:00,63,15.0,46608,2018-12-01,2018-12-01,2018-12-01 02:56:00
73,453789,Engine Inspection,163,177.0,2018-12-01 02:43:00,63,14.0,32820,2018-12-01,2018-12-01,2018-12-01 02:57:00
74,453789,Diagnosis and Tune-up,164,180.0,2018-12-01 02:44:00,63,16.0,27663,2018-12-01,2018-12-01,2018-12-01 03:47:00
75,453789,Tire Rotation,167,183.0,2018-12-01 02:47:00,63,16.0,33273,2018-12-01,2018-12-01,2018-12-01 03:50:00
76,453789,Discharge,171,185.0,2018-12-01 02:51:00,63,14.0,43929,2018-12-01,2018-12-01,2018-12-01 03:52:00
77,636944,Registration,18,32.0,2018-12-01 00:18:00,72,14.0,12441,2018-12-01,2018-12-01,2018-12-01 00:32:00
78,636944,Inspection,19,33.0,2018-12-01 00:19:00,72,14.0,19881,2018-12-01,2018-12-01,2018-12-01 00:33:00
79,636944,Oil Change,20,34.0,2018-12-01 00:20:00,72,14.0,18622,2018-12-01,2018-12-01,2018-12-01 00:34:00
80,636944,Engine Inspection,23,38.0,2018-12-01 00:23:00,72,15.0,38507,2018-12-01,2018-12-01,2018-12-01 00:38:00
81,636944,Diagnosis and Tune-up,25,40.0,2018-12-01 00:25:00,72,15.0,32726,2018-12-01,2018-12-01,2018-12-01 00:40:00
82,636944,Tire Rotation,27,42.0,2018-12-01 00:27:00,72,15.0,33114,2018-12-01,2018-12-01,2018-12-01 00:42:00
83,636944,Discharge,29,44.0,2018-12-01 00:29:00,72,15.0,25778,2018-12-01,2018-12-01,2018-12-01 00:44:00
84,799308,Registration,160,175.0,2018-12-01 02:40:00,32,15.0,38600,2018-12-01,2018-12-01,2018-12-01 02:55:00
85,799308,Inspection,164,178.0,2018-12-01 02:44:00,32,14.0,2262,2018-12-01,2018-12-01,2018-12-01 02:58:00
86,799308,Oil Change,165,180.0,2018-12-01 02:45:00,32,15.0,31472,2018-12-01,2018-12-01,2018-12-01 03:47:00
87,799308,Engine Inspection,167,181.0,2018-12-01 02:47:00,32,14.0,15908,2018-12-01,2018-12-01,2018-12-01 03:48:00
88,799308,Diagnosis and Tune-up,169,185.0,2018-12-01 02:49:00,32,16.0,48741,2018-12-01,2018-12-01,2018-12-01 03:52:00
89,799308,Tire Rotation,174,189.0,2018-12-01 02:54:00,32,15.0,52258,2018-12-01,2018-12-01,2018-12-01 03:56:00
90,799308,Discharge,177,192.0,2018-12-01 02:57:00,32,15.0,26495,2018-12-01,2018-12-01,2018-12-01 03:59:00
91,804423,Registration,171,185.0,2018-12-01 02:51:00,17,14.0,27152,2018-12-01,2018-12-01,2018-12-01 03:52:00
92,804423,Inspection,172,186.0,2018-12-01 02:52:00,17,14.0,43564,2018-12-01,2018-12-01,2018-12-01 03:53:00
93,804423,Oil Change,173,189.0,2018-12-01 02:53:00,17,16.0,11338,2018-12-01,2018-12-01,2018-12-01 03:56:00
94,804423,Engine Inspection,178,192.0,2018-12-01 02:58:00,17,14.0,24059,2018-12-01,2018-12-01,2018-12-01 03:59:00
95,804423,Diagnosis and Tune-up,181,197.0,2018-12-01 03:01:00,17,16.0,35966,2018-12-01,2018-12-01,2018-12-01 03:17:00
96,804423,Tire Rotation,185,201.0,2018-12-01 03:05:00,17,16.0,46074,2018-12-01,2018-12-01,2018-12-01 03:21:00
97,804423,Discharge,188,202.0,2018-12-01 03:08:00,17,14.0,50845,2018-12-01,2018-12-01,2018-12-01 03:22:00
98,2208,Registration,177,191.0,2018-12-01 02:57:00,32,14.0,44203,2018-12-01,2018-12-01,2018-12-01 03:58:00
99,2208,Inspection,178,192.0,2018-12-01 02:58:00,32,14.0,48379,2018-12-01,2018-12-01,2018-12-01 03:59:00
100,2208,Oil Change,180,195.0,2018-12-01 03:00:00,32,15.0,24556,2018-12-01,2018-12-01,2018-12-01 03:15:00
101,2208,Engine Inspection,182,196.0,2018-12-01 03:02:00,32,14.0,5666,2018-12-01,2018-12-01,2018-12-01 03:16:00
102,2208,Diagnosis and Tune-up,183,198.0,2018-12-01 03:03:00,32,15.0,28767,2018-12-01,2018-12-01,2018-12-01 03:18:00
103,2208,Tire Rotation,185,199.0,2018-12-01 03:05:00,32,14.0,43500,2018-12-01,2018-12-01,2018-12-01 03:19:00
104,2208,Discharge,187,203.0,2018-12-01 03:07:00,32,16.0,33320,2018-12-01,2018-12-01,2018-12-01 03:23:00
105,729633,Registration,9,23.0,2018-12-01 00:09:00,97,14.0,7073,2018-12-01,2018-12-01,2018-12-01 00:23:00
106,729633,Inspection,10,25.0,2018-12-01 00:10:00,97,15.0,51016,2018-12-01,2018-12-01,2018-12-01 00:25:00
108,729633,Check Brake fluid ,14,28.0,2018-12-01 00:14:00,97,14.0,34140,2018-12-01,2018-12-01,2018-12-01 00:28:00
110,729633,Tire Rotation,17,31.0,2018-12-01 00:17:00,97,14.0,24282,2018-12-01,2018-12-01,2018-12-01 00:31:00
111,729633,Discharge,20,34.0,2018-12-01 00:20:00,97,14.0,32092,2018-12-01,2018-12-01,2018-12-01 00:34:00
112,467022,Registration,16,31.0,2018-12-01 00:16:00,72,15.0,48022,2018-12-01,2018-12-01,2018-12-01 00:31:00
113,467022,Inspection,18,32.0,2018-12-01 00:18:00,72,14.0,1938,2018-12-01,2018-12-01,2018-12-01 00:32:00
115,467022,Check Brake fluid ,22,36.0,2018-12-01 00:22:00,72,14.0,2849,2018-12-01,2018-12-01,2018-12-01 00:36:00
117,467022,Tire Rotation,24,38.0,2018-12-01 00:24:00,72,14.0,46096,2018-12-01,2018-12-01,2018-12-01 00:38:00
118,467022,Discharge,26,40.0,2018-12-01 00:26:00,72,14.0,40292,2018-12-01,2018-12-01,2018-12-01 00:40:00
119,279267,Registration,24,39.0,2018-12-01 00:24:00,15,15.0,38874,2018-12-01,2018-12-01,2018-12-01 00:39:00
120,279267,Inspection,28,42.0,2018-12-01 00:28:00,15,14.0,37891,2018-12-01,2018-12-01,2018-12-01 00:42:00
122,279267,Check Brake fluid ,34,48.0,2018-12-01 00:34:00,15,14.0,42412,2018-12-01,2018-12-01,2018-12-01 00:48:00
124,279267,Tire Rotation,40,54.0,2018-12-01 00:40:00,15,14.0,11048,2018-12-01,2018-12-01,2018-12-01 00:54:00
125,279267,Discharge,41,56.0,2018-12-01 00:41:00,15,15.0,32914,2018-12-01,2018-12-01,2018-12-01 00:56:00
126,756589,Registration,33,47.0,2018-12-01 00:33:00,97,14.0,14872,2018-12-01,2018-12-01,2018-12-01 00:47:00
127,756589,Inspection,34,48.0,2018-12-01 00:34:00,97,14.0,806,2018-12-01,2018-12-01,2018-12-01 00:48:00
129,756589,Check Brake fluid ,36,51.0,2018-12-01 00:36:00,97,15.0,13075,2018-12-01,2018-12-01,2018-12-01 00:51:00
131,756589,Tire Rotation,41,55.0,2018-12-01 00:41:00,97,14.0,35935,2018-12-01,2018-12-01,2018-12-01 00:55:00
132,756589,Discharge,43,59.0,2018-12-01 00:43:00,97,16.0,15215,2018-12-01,2018-12-01,2018-12-01 00:59:00
133,840775,Registration,40,55.0,2018-12-01 00:40:00,63,15.0,26506,2018-12-01,2018-12-01,2018-12-01 00:55:00
134,840775,Inspection,45,59.0,2018-12-01 00:45:00,63,14.0,33670,2018-12-01,2018-12-01,2018-12-01 00:59:00
136,840775,Check Brake fluid ,48,64.0,2018-12-01 00:48:00,63,16.0,37866,2018-12-01,2018-12-01,2018-12-01 01:51:00
138,840775,Tire Rotation,56,70.0,2018-12-01 00:56:00,63,14.0,30089,2018-12-01,2018-12-01,2018-12-01 01:57:00
139,840775,Discharge,58,72.0,2018-12-01 00:58:00,63,14.0,17647,2018-12-01,2018-12-01,2018-12-01 01:59:00
140,239874,Registration,48,63.0,2018-12-01 00:48:00,17,15.0,43202,2018-12-01,2018-12-01,2018-12-01 01:50:00
141,239874,Inspection,50,64.0,2018-12-01 00:50:00,17,14.0,35913,2018-12-01,2018-12-01,2018-12-01 01:51:00
143,239874,Check Brake fluid ,54,69.0,2018-12-01 00:54:00,17,15.0,47801,2018-12-01,2018-12-01,2018-12-01 01:56:00
145,239874,Tire Rotation,60,74.0,2018-12-01 01:00:00,17,14.0,25145,2018-12-01,2018-12-01,2018-12-01 01:14:00
146,239874,Discharge,61,77.0,2018-12-01 01:01:00,17,16.0,51357,2018-12-01,2018-12-01,2018-12-01 01:17:00
147,619869,Registration,56,71.0,2018-12-01 00:56:00,17,15.0,48529,2018-12-01,2018-12-01,2018-12-01 01:58:00
148,619869,Inspection,59,73.0,2018-12-01 00:59:00,17,14.0,33587,2018-12-01,2018-12-01,2018-12-01 01:13:00
150,619869,Check Brake fluid ,64,80.0,2018-12-01 01:04:00,17,16.0,33992,2018-12-01,2018-12-01,2018-12-01 01:20:00
152,619869,Tire Rotation,69,84.0,2018-12-01 01:09:00,17,15.0,36789,2018-12-01,2018-12-01,2018-12-01 01:24:00
153,619869,Discharge,71,87.0,2018-12-01 01:11:00,17,16.0,13466,2018-12-01,2018-12-01,2018-12-01 01:27:00
154,991188,Registration,26,40.0,2018-12-01 00:26:00,97,14.0,27924,2018-12-01,2018-12-01,2018-12-01 00:40:00
155,991188,Inspection,27,43.0,2018-12-01 00:27:00,97,16.0,3678,2018-12-01,2018-12-01,2018-12-01 00:43:00
156,991188,Oil Change,30,45.0,2018-12-01 00:30:00,97,15.0,31529,2018-12-01,2018-12-01,2018-12-01 00:45:00
157,991188,Engine Inspection,34,50.0,2018-12-01 00:34:00,97,16.0,23903,2018-12-01,2018-12-01,2018-12-01 00:50:00
158,991188,Diagnosis and Tune-up,39,53.0,2018-12-01 00:39:00,97,14.0,37355,2018-12-01,2018-12-01,2018-12-01 00:53:00
159,991188,Tire Rotation,41,56.0,2018-12-01 00:41:00,97,15.0,36333,2018-12-01,2018-12-01,2018-12-01 00:56:00
160,991188,Discharge,43,57.0,2018-12-01 00:43:00,97,14.0,13096,2018-12-01,2018-12-01,2018-12-01 00:57:00
161,107192,Registration,67,81.0,2018-12-01 01:07:00,72,14.0,33077,2018-12-01,2018-12-01,2018-12-01 01:21:00
162,107192,Inspection,70,84.0,2018-12-01 01:10:00,72,14.0,27092,2018-12-01,2018-12-01,2018-12-01 01:24:00
164,107192,Check Brake fluid ,77,92.0,2018-12-01 01:17:00,72,15.0,23382,2018-12-01,2018-12-01,2018-12-01 01:32:00
166,107192,Tire Rotation,86,101.0,2018-12-01 01:26:00,72,15.0,22680,2018-12-01,2018-12-01,2018-12-01 01:41:00
167,107192,Discharge,88,103.0,2018-12-01 01:28:00,72,15.0,103,2018-12-01,2018-12-01,2018-12-01 01:43:00
168,945215,Registration,73,87.0,2018-12-01 01:13:00,32,14.0,35289,2018-12-01,2018-12-01,2018-12-01 01:27:00
169,945215,Inspection,75,89.0,2018-12-01 01:15:00,32,14.0,35396,2018-12-01,2018-12-01,2018-12-01 01:29:00
171,945215,Check Brake fluid ,80,94.0,2018-12-01 01:20:00,32,14.0,51540,2018-12-01,2018-12-01,2018-12-01 01:34:00
173,945215,Tire Rotation,84,100.0,2018-12-01 01:24:00,32,16.0,21701,2018-12-01,2018-12-01,2018-12-01 01:40:00
174,945215,Discharge,87,103.0,2018-12-01 01:27:00,32,16.0,30025,2018-12-01,2018-12-01,2018-12-01 01:43:00
175,332849,Registration,80,95.0,2018-12-01 01:20:00,17,15.0,39312,2018-12-01,2018-12-01,2018-12-01 01:35:00
176,332849,Inspection,83,98.0,2018-12-01 01:23:00,17,15.0,1833,2018-12-01,2018-12-01,2018-12-01 01:38:00
178,332849,Check Brake fluid ,89,104.0,2018-12-01 01:29:00,17,15.0,15047,2018-12-01,2018-12-01,2018-12-01 01:44:00
180,332849,Tire Rotation,96,110.0,2018-12-01 01:36:00,17,14.0,11613,2018-12-01,2018-12-01,2018-12-01 01:50:00
181,332849,Discharge,97,113.0,2018-12-01 01:37:00,17,16.0,36094,2018-12-01,2018-12-01,2018-12-01 01:53:00
182,32075,Registration,88,103.0,2018-12-01 01:28:00,17,15.0,38303,2018-12-01,2018-12-01,2018-12-01 01:43:00
183,32075,Inspection,90,106.0,2018-12-01 01:30:00,17,16.0,11847,2018-12-01,2018-12-01,2018-12-01 01:46:00
185,32075,Check Brake fluid ,99,113.0,2018-12-01 01:39:00,17,14.0,52326,2018-12-01,2018-12-01,2018-12-01 01:53:00
187,32075,Tire Rotation,105,119.0,2018-12-01 01:45:00,17,14.0,52238,2018-12-01,2018-12-01,2018-12-01 01:59:00
188,32075,Discharge,106,121.0,2018-12-01 01:46:00,17,15.0,16730,2018-12-01,2018-12-01,2018-12-01 02:48:00
189,23406,Registration,97,111.0,2018-12-01 01:37:00,17,14.0,2127,2018-12-01,2018-12-01,2018-12-01 01:51:00
190,23406,Inspection,101,115.0,2018-12-01 01:41:00,17,14.0,44113,2018-12-01,2018-12-01,2018-12-01 01:55:00
192,23406,Check Brake fluid ,105,120.0,2018-12-01 01:45:00,17,15.0,5454,2018-12-01,2018-12-01,2018-12-01 02:47:00
194,23406,Tire Rotation,111,126.0,2018-12-01 01:51:00,17,15.0,29687,2018-12-01,2018-12-01,2018-12-01 02:53:00
195,23406,Discharge,115,130.0,2018-12-01 01:55:00,17,15.0,954,2018-12-01,2018-12-01,2018-12-01 02:57:00
196,26681,Registration,104,119.0,2018-12-01 01:44:00,57,15.0,49423,2018-12-01,2018-12-01,2018-12-01 01:59:00
197,26681,Inspection,106,120.0,2018-12-01 01:46:00,57,14.0,49518,2018-12-01,2018-12-01,2018-12-01 02:47:00
199,26681,Check Brake fluid ,108,124.0,2018-12-01 01:48:00,57,16.0,16355,2018-12-01,2018-12-01,2018-12-01 02:51:00
201,26681,Tire Rotation,116,130.0,2018-12-01 01:56:00,57,14.0,7175,2018-12-01,2018-12-01,2018-12-01 02:57:00
202,26681,Discharge,119,135.0,2018-12-01 01:59:00,57,16.0,52251,2018-12-01,2018-12-01,2018-12-01 02:15:00
203,681098,Registration,112,127.0,2018-12-01 01:52:00,32,15.0,40947,2018-12-01,2018-12-01,2018-12-01 02:54:00
204,681098,Inspection,114,128.0,2018-12-01 01:54:00,32,14.0,12098,2018-12-01,2018-12-01,2018-12-01 02:55:00
206,681098,Check Brake fluid ,117,131.0,2018-12-01 01:57:00,32,14.0,19024,2018-12-01,2018-12-01,2018-12-01 02:58:00
208,681098,Tire Rotation,123,138.0,2018-12-01 02:03:00,32,15.0,10975,2018-12-01,2018-12-01,2018-12-01 02:18:00
209,681098,Discharge,126,140.0,2018-12-01 02:06:00,32,14.0,10461,2018-12-01,2018-12-01,2018-12-01 02:20:00
210,567712,Registration,121,135.0,2018-12-01 02:01:00,60,14.0,16725,2018-12-01,2018-12-01,2018-12-01 02:15:00
211,567712,Inspection,125,141.0,2018-12-01 02:05:00,60,16.0,34562,2018-12-01,2018-12-01,2018-12-01 02:21:00
213,567712,Check Brake fluid ,130,145.0,2018-12-01 02:10:00,60,15.0,43034,2018-12-01,2018-12-01,2018-12-01 02:25:00
215,567712,Tire Rotation,136,150.0,2018-12-01 02:16:00,60,14.0,42480,2018-12-01,2018-12-01,2018-12-01 02:30:00
216,567712,Discharge,137,151.0,2018-12-01 02:17:00,60,14.0,46634,2018-12-01,2018-12-01,2018-12-01 02:31:00
217,9652,Registration,129,143.0,2018-12-01 02:09:00,15,14.0,19299,2018-12-01,2018-12-01,2018-12-01 02:23:00
218,9652,Inspection,130,144.0,2018-12-01 02:10:00,15,14.0,29799,2018-12-01,2018-12-01,2018-12-01 02:24:00
220,9652,Check Brake fluid ,134,148.0,2018-12-01 02:14:00,15,14.0,21102,2018-12-01,2018-12-01,2018-12-01 02:28:00
222,9652,Tire Rotation,140,156.0,2018-12-01 02:20:00,15,16.0,31049,2018-12-01,2018-12-01,2018-12-01 02:36:00
223,9652,Discharge,145,161.0,2018-12-01 02:25:00,15,16.0,7483,2018-12-01,2018-12-01,2018-12-01 02:41:00
224,984769,Registration,136,151.0,2018-12-01 02:16:00,63,15.0,1548,2018-12-01,2018-12-01,2018-12-01 02:31:00
225,984769,Inspection,138,154.0,2018-12-01 02:18:00,63,16.0,20447,2018-12-01,2018-12-01,2018-12-01 02:34:00
227,984769,Check Brake fluid ,146,161.0,2018-12-01 02:26:00,63,15.0,22501,2018-12-01,2018-12-01,2018-12-01 02:41:00
229,984769,Tire Rotation,154,169.0,2018-12-01 02:34:00,63,15.0,52179,2018-12-01,2018-12-01,2018-12-01 02:49:00
230,984769,Discharge,158,172.0,2018-12-01 02:38:00,63,14.0,12323,2018-12-01,2018-12-01,2018-12-01 02:52:00
231,924040,Registration,32,47.0,2018-12-01 00:32:00,97,15.0,16935,2018-12-01,2018-12-01,2018-12-01 00:47:00
232,924040,Inspection,35,51.0,2018-12-01 00:35:00,97,16.0,7127,2018-12-01,2018-12-01,2018-12-01 00:51:00
233,924040,Oil Change,38,53.0,2018-12-01 00:38:00,97,15.0,16610,2018-12-01,2018-12-01,2018-12-01 00:53:00
234,924040,Engine Inspection,40,54.0,2018-12-01 00:40:00,97,14.0,47851,2018-12-01,2018-12-01,2018-12-01 00:54:00
235,924040,Diagnosis and Tune-up,42,57.0,2018-12-01 00:42:00,97,15.0,33430,2018-12-01,2018-12-01,2018-12-01 00:57:00
236,924040,Tire Rotation,46,60.0,2018-12-01 00:46:00,97,14.0,13702,2018-12-01,2018-12-01,2018-12-01 01:47:00
237,924040,Discharge,47,62.0,2018-12-01 00:47:00,97,15.0,39691,2018-12-01,2018-12-01,2018-12-01 01:49:00
238,399721,Registration,145,159.0,2018-12-01 02:25:00,97,14.0,28288,2018-12-01,2018-12-01,2018-12-01 02:39:00
239,399721,Inspection,147,163.0,2018-12-01 02:27:00,97,16.0,1364,2018-12-01,2018-12-01,2018-12-01 02:43:00
241,399721,Check Brake fluid ,151,165.0,2018-12-01 02:31:00,97,14.0,1170,2018-12-01,2018-12-01,2018-12-01 02:45:00
243,399721,Tire Rotation,156,170.0,2018-12-01 02:36:00,97,14.0,9598,2018-12-01,2018-12-01,2018-12-01 02:50:00
244,399721,Discharge,160,174.0,2018-12-01 02:40:00,97,14.0,2315,2018-12-01,2018-12-01,2018-12-01 02:54:00
245,719830,Registration,152,167.0,2018-12-01 02:32:00,63,15.0,47109,2018-12-01,2018-12-01,2018-12-01 02:47:00
246,719830,Inspection,154,168.0,2018-12-01 02:34:00,63,14.0,10500,2018-12-01,2018-12-01,2018-12-01 02:48:00
248,719830,Check Brake fluid ,158,174.0,2018-12-01 02:38:00,63,16.0,46177,2018-12-01,2018-12-01,2018-12-01 02:54:00
250,719830,Tire Rotation,167,181.0,2018-12-01 02:47:00,63,14.0,44444,2018-12-01,2018-12-01,2018-12-01 03:48:00
251,719830,Discharge,170,186.0,2018-12-01 02:50:00,63,16.0,27961,2018-12-01,2018-12-01,2018-12-01 03:53:00
252,227120,Registration,162,176.0,2018-12-01 02:42:00,32,14.0,35697,2018-12-01,2018-12-01,2018-12-01 02:56:00
253,227120,Inspection,163,179.0,2018-12-01 02:43:00,32,16.0,14457,2018-12-01,2018-12-01,2018-12-01 02:59:00
255,227120,Check Brake fluid ,168,182.0,2018-12-01 02:48:00,32,14.0,52285,2018-12-01,2018-12-01,2018-12-01 03:49:00
257,227120,Tire Rotation,170,185.0,2018-12-01 02:50:00,32,15.0,33855,2018-12-01,2018-12-01,2018-12-01 03:52:00
258,227120,Discharge,172,186.0,2018-12-01 02:52:00,32,14.0,29546,2018-12-01,2018-12-01,2018-12-01 03:53:00
259,442621,Registration,168,183.0,2018-12-01 02:48:00,97,15.0,14627,2018-12-01,2018-12-01,2018-12-01 03:50:00
260,442621,Inspection,170,185.0,2018-12-01 02:50:00,97,15.0,34334,2018-12-01,2018-12-01,2018-12-01 03:52:00
262,442621,Check Brake fluid ,176,192.0,2018-12-01 02:56:00,97,16.0,2011,2018-12-01,2018-12-01,2018-12-01 03:59:00
264,442621,Tire Rotation,182,197.0,2018-12-01 03:02:00,97,15.0,44230,2018-12-01,2018-12-01,2018-12-01 03:17:00
265,442621,Discharge,184,199.0,2018-12-01 03:04:00,97,15.0,37738,2018-12-01,2018-12-01,2018-12-01 03:19:00
266,761111,Registration,176,191.0,2018-12-01 02:56:00,15,15.0,52650,2018-12-01,2018-12-01,2018-12-01 03:58:00
267,761111,Inspection,179,195.0,2018-12-01 02:59:00,15,16.0,21053,2018-12-01,2018-12-01,2018-12-01 03:15:00
269,761111,Check Brake fluid ,186,200.0,2018-12-01 03:06:00,15,14.0,41349,2018-12-01,2018-12-01,2018-12-01 03:20:00
271,761111,Tire Rotation,191,207.0,2018-12-01 03:11:00,15,16.0,3852,2018-12-01,2018-12-01,2018-12-01 03:27:00
272,761111,Discharge,194,210.0,2018-12-01 03:14:00,15,16.0,48329,2018-12-01,2018-12-01,2018-12-01 03:30:00
273,30451,Registration,8,23.0,2018-12-01 00:08:00,17,15.0,19569,2018-12-01,2018-12-01,2018-12-01 00:23:00
274,30451,Inspection,12,26.0,2018-12-01 00:12:00,17,14.0,8236,2018-12-01,2018-12-01,2018-12-01 00:26:00
275,30451,Oil Change,13,29.0,2018-12-01 00:13:00,17,16.0,13902,2018-12-01,2018-12-01,2018-12-01 00:29:00
276,30451,Diagnosis and Tune-up,16,32.0,2018-12-01 00:16:00,17,16.0,3109,2018-12-01,2018-12-01,2018-12-01 00:32:00
277,30451,Tire Rotation,21,37.0,2018-12-01 00:21:00,17,16.0,20079,2018-12-01,2018-12-01,2018-12-01 00:37:00
278,30451,Discharge,25,41.0,2018-12-01 00:25:00,17,16.0,4635,2018-12-01,2018-12-01,2018-12-01 00:41:00
279,553259,Registration,17,31.0,2018-12-01 00:17:00,97,14.0,5009,2018-12-01,2018-12-01,2018-12-01 00:31:00
280,553259,Inspection,19,35.0,2018-12-01 00:19:00,97,16.0,20339,2018-12-01,2018-12-01,2018-12-01 00:35:00
281,553259,Oil Change,24,40.0,2018-12-01 00:24:00,97,16.0,19521,2018-12-01,2018-12-01,2018-12-01 00:40:00
282,553259,Diagnosis and Tune-up,29,43.0,2018-12-01 00:29:00,97,14.0,48748,2018-12-01,2018-12-01,2018-12-01 00:43:00
283,553259,Tire Rotation,32,47.0,2018-12-01 00:32:00,97,15.0,10368,2018-12-01,2018-12-01,2018-12-01 00:47:00
284,553259,Discharge,36,50.0,2018-12-01 00:36:00,97,14.0,27274,2018-12-01,2018-12-01,2018-12-01 00:50:00
285,232460,Registration,25,39.0,2018-12-01 00:25:00,8,14.0,37023,2018-12-01,2018-12-01,2018-12-01 00:39:00
286,232460,Inspection,26,40.0,2018-12-01 00:26:00,8,14.0,16538,2018-12-01,2018-12-01,2018-12-01 00:40:00
287,232460,Oil Change,28,42.0,2018-12-01 00:28:00,8,14.0,8545,2018-12-01,2018-12-01,2018-12-01 00:42:00
288,232460,Diagnosis and Tune-up,29,44.0,2018-12-01 00:29:00,8,15.0,555,2018-12-01,2018-12-01,2018-12-01 00:44:00
289,232460,Tire Rotation,33,47.0,2018-12-01 00:33:00,8,14.0,36747,2018-12-01,2018-12-01,2018-12-01 00:47:00
290,232460,Discharge,34,49.0,2018-12-01 00:34:00,8,15.0,2484,2018-12-01,2018-12-01,2018-12-01 00:49:00
291,800798,Registration,32,46.0,2018-12-01 00:32:00,60,14.0,38704,2018-12-01,2018-12-01,2018-12-01 00:46:00
292,800798,Inspection,33,48.0,2018-12-01 00:33:00,60,15.0,14260,2018-12-01,2018-12-01,2018-12-01 00:48:00
293,800798,Oil Change,36,50.0,2018-12-01 00:36:00,60,14.0,37373,2018-12-01,2018-12-01,2018-12-01 00:50:00
294,800798,Diagnosis and Tune-up,37,51.0,2018-12-01 00:37:00,60,14.0,30202,2018-12-01,2018-12-01,2018-12-01 00:51:00
295,800798,Tire Rotation,38,54.0,2018-12-01 00:38:00,60,16.0,11240,2018-12-01,2018-12-01,2018-12-01 00:54:00
296,800798,Discharge,44,59.0,2018-12-01 00:44:00,60,15.0,51119,2018-12-01,2018-12-01,2018-12-01 00:59:00
297,459158,Registration,43,57.0,2018-12-01 00:43:00,97,14.0,46138,2018-12-01,2018-12-01,2018-12-01 00:57:00
298,459158,Inspection,44,60.0,2018-12-01 00:44:00,97,16.0,40826,2018-12-01,2018-12-01,2018-12-01 01:47:00
299,459158,Oil Change,47,62.0,2018-12-01 00:47:00,97,15.0,33349,2018-12-01,2018-12-01,2018-12-01 01:49:00
300,459158,Diagnosis and Tune-up,51,65.0,2018-12-01 00:51:00,97,14.0,2452,2018-12-01,2018-12-01,2018-12-01 01:52:00
301,459158,Tire Rotation,54,69.0,2018-12-01 00:54:00,97,15.0,24770,2018-12-01,2018-12-01,2018-12-01 01:56:00
302,459158,Discharge,58,73.0,2018-12-01 00:58:00,97,15.0,13133,2018-12-01,2018-12-01,2018-12-01 01:13:00
303,984787,Registration,41,55.0,2018-12-01 00:41:00,8,14.0,22736,2018-12-01,2018-12-01,2018-12-01 00:55:00
304,984787,Inspection,42,56.0,2018-12-01 00:42:00,8,14.0,6489,2018-12-01,2018-12-01,2018-12-01 00:56:00
305,984787,Oil Change,44,60.0,2018-12-01 00:44:00,8,16.0,13484,2018-12-01,2018-12-01,2018-12-01 01:47:00
306,984787,Engine Inspection,49,63.0,2018-12-01 00:49:00,8,14.0,37577,2018-12-01,2018-12-01,2018-12-01 01:50:00
307,984787,Diagnosis and Tune-up,52,67.0,2018-12-01 00:52:00,8,15.0,44181,2018-12-01,2018-12-01,2018-12-01 01:54:00
308,984787,Tire Rotation,54,70.0,2018-12-01 00:54:00,8,16.0,28373,2018-12-01,2018-12-01,2018-12-01 01:57:00
309,984787,Discharge,57,71.0,2018-12-01 00:57:00,8,14.0,38758,2018-12-01,2018-12-01,2018-12-01 01:58:00
310,519896,Registration,49,63.0,2018-12-01 00:49:00,15,14.0,12721,2018-12-01,2018-12-01,2018-12-01 01:50:00
311,519896,Inspection,51,67.0,2018-12-01 00:51:00,15,16.0,32266,2018-12-01,2018-12-01,2018-12-01 01:54:00
312,519896,Oil Change,55,70.0,2018-12-01 00:55:00,15,15.0,6843,2018-12-01,2018-12-01,2018-12-01 01:57:00
313,519896,Diagnosis and Tune-up,57,71.0,2018-12-01 00:57:00,15,14.0,43644,2018-12-01,2018-12-01,2018-12-01 01:58:00
314,519896,Tire Rotation,58,73.0,2018-12-01 00:58:00,15,15.0,25563,2018-12-01,2018-12-01,2018-12-01 01:13:00
315,519896,Discharge,61,75.0,2018-12-01 01:01:00,15,14.0,19403,2018-12-01,2018-12-01,2018-12-01 01:15:00
316,579715,Registration,59,73.0,2018-12-01 00:59:00,15,14.0,33037,2018-12-01,2018-12-01,2018-12-01 01:13:00
317,579715,Inspection,60,74.0,2018-12-01 01:00:00,15,14.0,32754,2018-12-01,2018-12-01,2018-12-01 01:14:00
318,579715,Oil Change,62,77.0,2018-12-01 01:02:00,15,15.0,1127,2018-12-01,2018-12-01,2018-12-01 01:17:00
319,579715,Diagnosis and Tune-up,65,79.0,2018-12-01 01:05:00,15,14.0,21321,2018-12-01,2018-12-01,2018-12-01 01:19:00
320,579715,Tire Rotation,66,82.0,2018-12-01 01:06:00,15,16.0,40116,2018-12-01,2018-12-01,2018-12-01 01:22:00
321,579715,Discharge,71,86.0,2018-12-01 01:11:00,15,15.0,26366,2018-12-01,2018-12-01,2018-12-01 01:26:00
322,244406,Registration,64,78.0,2018-12-01 01:04:00,8,14.0,18438,2018-12-01,2018-12-01,2018-12-01 01:18:00
323,244406,Inspection,65,80.0,2018-12-01 01:05:00,8,15.0,1185,2018-12-01,2018-12-01,2018-12-01 01:20:00
324,244406,Oil Change,68,84.0,2018-12-01 01:08:00,8,16.0,10286,2018-12-01,2018-12-01,2018-12-01 01:24:00
325,244406,Diagnosis and Tune-up,71,85.0,2018-12-01 01:11:00,8,14.0,13163,2018-12-01,2018-12-01,2018-12-01 01:25:00
326,244406,Tire Rotation,74,90.0,2018-12-01 01:14:00,8,16.0,21478,2018-12-01,2018-12-01,2018-12-01 01:30:00
327,244406,Discharge,77,92.0,2018-12-01 01:17:00,8,15.0,36919,2018-12-01,2018-12-01,2018-12-01 01:32:00
328,362493,Registration,72,86.0,2018-12-01 01:12:00,63,14.0,51295,2018-12-01,2018-12-01,2018-12-01 01:26:00
329,362493,Inspection,73,88.0,2018-12-01 01:13:00,63,15.0,8856,2018-12-01,2018-12-01,2018-12-01 01:28:00
330,362493,Oil Change,75,91.0,2018-12-01 01:15:00,63,16.0,22222,2018-12-01,2018-12-01,2018-12-01 01:31:00
331,362493,Diagnosis and Tune-up,80,95.0,2018-12-01 01:20:00,63,15.0,28130,2018-12-01,2018-12-01,2018-12-01 01:35:00
332,362493,Tire Rotation,82,97.0,2018-12-01 01:22:00,63,15.0,13961,2018-12-01,2018-12-01,2018-12-01 01:37:00
333,362493,Discharge,84,99.0,2018-12-01 01:24:00,63,15.0,17467,2018-12-01,2018-12-01,2018-12-01 01:39:00
334,242081,Registration,81,95.0,2018-12-01 01:21:00,97,14.0,44201,2018-12-01,2018-12-01,2018-12-01 01:35:00
335,242081,Inspection,82,98.0,2018-12-01 01:22:00,97,16.0,6318,2018-12-01,2018-12-01,2018-12-01 01:38:00
336,242081,Oil Change,86,102.0,2018-12-01 01:26:00,97,16.0,24853,2018-12-01,2018-12-01,2018-12-01 01:42:00
337,242081,Diagnosis and Tune-up,91,105.0,2018-12-01 01:31:00,97,14.0,35889,2018-12-01,2018-12-01,2018-12-01 01:45:00
338,242081,Tire Rotation,92,106.0,2018-12-01 01:32:00,97,14.0,22534,2018-12-01,2018-12-01,2018-12-01 01:46:00
339,242081,Discharge,93,107.0,2018-12-01 01:33:00,97,14.0,45030,2018-12-01,2018-12-01,2018-12-01 01:47:00
340,709727,Registration,89,103.0,2018-12-01 01:29:00,72,14.0,35017,2018-12-01,2018-12-01,2018-12-01 01:43:00
341,709727,Inspection,91,105.0,2018-12-01 01:31:00,72,14.0,31752,2018-12-01,2018-12-01,2018-12-01 01:45:00
342,709727,Oil Change,93,109.0,2018-12-01 01:33:00,72,16.0,50328,2018-12-01,2018-12-01,2018-12-01 01:49:00
343,709727,Diagnosis and Tune-up,98,112.0,2018-12-01 01:38:00,72,14.0,34899,2018-12-01,2018-12-01,2018-12-01 01:52:00
344,709727,Tire Rotation,100,115.0,2018-12-01 01:40:00,72,15.0,15377,2018-12-01,2018-12-01,2018-12-01 01:55:00
345,709727,Discharge,102,116.0,2018-12-01 01:42:00,72,14.0,4280,2018-12-01,2018-12-01,2018-12-01 01:56:00
346,229408,Registration,96,110.0,2018-12-01 01:36:00,8,14.0,47544,2018-12-01,2018-12-01,2018-12-01 01:50:00
347,229408,Inspection,97,111.0,2018-12-01 01:37:00,8,14.0,2647,2018-12-01,2018-12-01,2018-12-01 01:51:00
348,229408,Oil Change,98,113.0,2018-12-01 01:38:00,8,15.0,5549,2018-12-01,2018-12-01,2018-12-01 01:53:00
349,229408,Diagnosis and Tune-up,101,116.0,2018-12-01 01:41:00,8,15.0,8717,2018-12-01,2018-12-01,2018-12-01 01:56:00
350,229408,Tire Rotation,103,117.0,2018-12-01 01:43:00,8,14.0,11121,2018-12-01,2018-12-01,2018-12-01 01:57:00
351,229408,Discharge,104,120.0,2018-12-01 01:44:00,8,16.0,10915,2018-12-01,2018-12-01,2018-12-01 02:47:00
352,797911,Registration,107,121.0,2018-12-01 01:47:00,17,14.0,35272,2018-12-01,2018-12-01,2018-12-01 02:48:00
353,797911,Inspection,109,123.0,2018-12-01 01:49:00,17,14.0,13957,2018-12-01,2018-12-01,2018-12-01 02:50:00
354,797911,Oil Change,110,125.0,2018-12-01 01:50:00,17,15.0,17564,2018-12-01,2018-12-01,2018-12-01 02:52:00
355,797911,Diagnosis and Tune-up,112,126.0,2018-12-01 01:52:00,17,14.0,49749,2018-12-01,2018-12-01,2018-12-01 02:53:00
356,797911,Tire Rotation,113,129.0,2018-12-01 01:53:00,17,16.0,21773,2018-12-01,2018-12-01,2018-12-01 02:56:00
357,797911,Discharge,116,130.0,2018-12-01 01:56:00,17,14.0,39335,2018-12-01,2018-12-01,2018-12-01 02:57:00
358,481929,Registration,113,127.0,2018-12-01 01:53:00,97,14.0,33153,2018-12-01,2018-12-01,2018-12-01 02:54:00
359,481929,Inspection,115,131.0,2018-12-01 01:55:00,97,16.0,16730,2018-12-01,2018-12-01,2018-12-01 02:58:00
360,481929,Oil Change,118,132.0,2018-12-01 01:58:00,97,14.0,24124,2018-12-01,2018-12-01,2018-12-01 02:59:00
361,481929,Diagnosis and Tune-up,119,133.0,2018-12-01 01:59:00,97,14.0,22206,2018-12-01,2018-12-01,2018-12-01 02:13:00
362,481929,Tire Rotation,122,138.0,2018-12-01 02:02:00,97,16.0,22300,2018-12-01,2018-12-01,2018-12-01 02:18:00
363,481929,Discharge,125,139.0,2018-12-01 02:05:00,97,14.0,7465,2018-12-01,2018-12-01,2018-12-01 02:19:00
364,998500,Registration,120,134.0,2018-12-01 02:00:00,57,14.0,19085,2018-12-01,2018-12-01,2018-12-01 02:14:00
365,998500,Inspection,122,136.0,2018-12-01 02:02:00,57,14.0,15413,2018-12-01,2018-12-01,2018-12-01 02:16:00
366,998500,Oil Change,124,138.0,2018-12-01 02:04:00,57,14.0,39582,2018-12-01,2018-12-01,2018-12-01 02:18:00
367,998500,Diagnosis and Tune-up,128,143.0,2018-12-01 02:08:00,57,15.0,51087,2018-12-01,2018-12-01,2018-12-01 02:23:00
368,998500,Tire Rotation,130,145.0,2018-12-01 02:10:00,57,15.0,46865,2018-12-01,2018-12-01,2018-12-01 02:25:00
369,998500,Discharge,132,147.0,2018-12-01 02:12:00,57,15.0,32033,2018-12-01,2018-12-01,2018-12-01 02:27:00
370,303858,Registration,50,64.0,2018-12-01 00:50:00,57,14.0,8870,2018-12-01,2018-12-01,2018-12-01 01:51:00
371,303858,Inspection,51,65.0,2018-12-01 00:51:00,57,14.0,38008,2018-12-01,2018-12-01,2018-12-01 01:52:00
372,303858,Oil Change,52,68.0,2018-12-01 00:52:00,57,16.0,36121,2018-12-01,2018-12-01,2018-12-01 01:55:00
373,303858,Engine Inspection,57,71.0,2018-12-01 00:57:00,57,14.0,50479,2018-12-01,2018-12-01,2018-12-01 01:58:00
374,303858,Diagnosis and Tune-up,59,73.0,2018-12-01 00:59:00,57,14.0,6833,2018-12-01,2018-12-01,2018-12-01 01:13:00
375,303858,Tire Rotation,60,76.0,2018-12-01 01:00:00,57,16.0,21019,2018-12-01,2018-12-01,2018-12-01 01:16:00
376,303858,Discharge,63,78.0,2018-12-01 01:03:00,57,15.0,2564,2018-12-01,2018-12-01,2018-12-01 01:18:00
377,971512,Registration,128,142.0,2018-12-01 02:08:00,32,14.0,26646,2018-12-01,2018-12-01,2018-12-01 02:22:00
378,971512,Inspection,129,144.0,2018-12-01 02:09:00,32,15.0,4796,2018-12-01,2018-12-01,2018-12-01 02:24:00
379,971512,Oil Change,131,145.0,2018-12-01 02:11:00,32,14.0,24918,2018-12-01,2018-12-01,2018-12-01 02:25:00
380,971512,Diagnosis and Tune-up,132,146.0,2018-12-01 02:12:00,32,14.0,51649,2018-12-01,2018-12-01,2018-12-01 02:26:00
381,971512,Tire Rotation,134,149.0,2018-12-01 02:14:00,32,15.0,9655,2018-12-01,2018-12-01,2018-12-01 02:29:00
382,971512,Discharge,138,153.0,2018-12-01 02:18:00,32,15.0,8193,2018-12-01,2018-12-01,2018-12-01 02:33:00
383,22533,Registration,139,153.0,2018-12-01 02:19:00,97,14.0,22341,2018-12-01,2018-12-01,2018-12-01 02:33:00
384,22533,Inspection,140,154.0,2018-12-01 02:20:00,97,14.0,7516,2018-12-01,2018-12-01,2018-12-01 02:34:00
385,22533,Oil Change,141,155.0,2018-12-01 02:21:00,97,14.0,40316,2018-12-01,2018-12-01,2018-12-01 02:35:00
386,22533,Diagnosis and Tune-up,144,160.0,2018-12-01 02:24:00,97,16.0,38496,2018-12-01,2018-12-01,2018-12-01 02:40:00
387,22533,Tire Rotation,148,164.0,2018-12-01 02:28:00,97,16.0,51242,2018-12-01,2018-12-01,2018-12-01 02:44:00
388,22533,Discharge,153,168.0,2018-12-01 02:33:00,97,15.0,24775,2018-12-01,2018-12-01,2018-12-01 02:48:00
389,436396,Registration,144,158.0,2018-12-01 02:24:00,17,14.0,5023,2018-12-01,2018-12-01,2018-12-01 02:38:00
390,436396,Inspection,145,160.0,2018-12-01 02:25:00,17,15.0,37406,2018-12-01,2018-12-01,2018-12-01 02:40:00
391,436396,Oil Change,150,165.0,2018-12-01 02:30:00,17,15.0,36062,2018-12-01,2018-12-01,2018-12-01 02:45:00
392,436396,Diagnosis and Tune-up,152,167.0,2018-12-01 02:32:00,17,15.0,14661,2018-12-01,2018-12-01,2018-12-01 02:47:00
393,436396,Tire Rotation,155,169.0,2018-12-01 02:35:00,17,14.0,37091,2018-12-01,2018-12-01,2018-12-01 02:49:00
394,436396,Discharge,157,172.0,2018-12-01 02:37:00,17,15.0,5357,2018-12-01,2018-12-01,2018-12-01 02:52:00
395,878264,Registration,153,167.0,2018-12-01 02:33:00,17,14.0,17480,2018-12-01,2018-12-01,2018-12-01 02:47:00
396,878264,Inspection,157,171.0,2018-12-01 02:37:00,17,14.0,23913,2018-12-01,2018-12-01,2018-12-01 02:51:00
397,878264,Oil Change,159,175.0,2018-12-01 02:39:00,17,16.0,19369,2018-12-01,2018-12-01,2018-12-01 02:55:00
398,878264,Diagnosis and Tune-up,162,176.0,2018-12-01 02:42:00,17,14.0,36991,2018-12-01,2018-12-01,2018-12-01 02:56:00
399,878264,Tire Rotation,165,180.0,2018-12-01 02:45:00,17,15.0,35015,2018-12-01,2018-12-01,2018-12-01 03:47:00
400,878264,Discharge,169,184.0,2018-12-01 02:49:00,17,15.0,7491,2018-12-01,2018-12-01,2018-12-01 03:51:00
401,960778,Registration,160,174.0,2018-12-01 02:40:00,97,14.0,30000,2018-12-01,2018-12-01,2018-12-01 02:54:00
402,960778,Inspection,161,176.0,2018-12-01 02:41:00,97,15.0,18165,2018-12-01,2018-12-01,2018-12-01 02:56:00
403,960778,Oil Change,164,180.0,2018-12-01 02:44:00,97,16.0,7060,2018-12-01,2018-12-01,2018-12-01 03:47:00
404,960778,Diagnosis and Tune-up,168,183.0,2018-12-01 02:48:00,97,15.0,51577,2018-12-01,2018-12-01,2018-12-01 03:50:00
405,960778,Tire Rotation,173,189.0,2018-12-01 02:53:00,97,16.0,2998,2018-12-01,2018-12-01,2018-12-01 03:56:00
406,960778,Discharge,176,192.0,2018-12-01 02:56:00,97,16.0,19381,2018-12-01,2018-12-01,2018-12-01 03:59:00
407,583484,Registration,169,183.0,2018-12-01 02:49:00,15,14.0,811,2018-12-01,2018-12-01,2018-12-01 03:50:00
408,583484,Inspection,171,185.0,2018-12-01 02:51:00,15,14.0,40217,2018-12-01,2018-12-01,2018-12-01 03:52:00
409,583484,Oil Change,172,187.0,2018-12-01 02:52:00,15,15.0,43936,2018-12-01,2018-12-01,2018-12-01 03:54:00
410,583484,Diagnosis and Tune-up,176,191.0,2018-12-01 02:56:00,15,15.0,953,2018-12-01,2018-12-01,2018-12-01 03:58:00
411,583484,Tire Rotation,180,194.0,2018-12-01 03:00:00,15,14.0,6008,2018-12-01,2018-12-01,2018-12-01 03:14:00
412,583484,Discharge,183,197.0,2018-12-01 03:03:00,15,14.0,27101,2018-12-01,2018-12-01,2018-12-01 03:17:00
413,966984,Registration,179,193.0,2018-12-01 02:59:00,32,14.0,7543,2018-12-01,2018-12-01,2018-12-01 03:13:00
414,966984,Inspection,180,194.0,2018-12-01 03:00:00,32,14.0,51765,2018-12-01,2018-12-01,2018-12-01 03:14:00
415,966984,Oil Change,181,197.0,2018-12-01 03:01:00,32,16.0,2622,2018-12-01,2018-12-01,2018-12-01 03:17:00
416,966984,Diagnosis and Tune-up,186,200.0,2018-12-01 03:06:00,32,14.0,12315,2018-12-01,2018-12-01,2018-12-01 03:20:00
417,966984,Tire Rotation,189,204.0,2018-12-01 03:09:00,32,15.0,15704,2018-12-01,2018-12-01,2018-12-01 03:24:00
418,966984,Discharge,191,206.0,2018-12-01 03:11:00,32,15.0,51479,2018-12-01,2018-12-01,2018-12-01 03:26:00
419,673494,Registration,10,24.0,2018-12-01 00:10:00,97,14.0,38456,2018-12-01,2018-12-01,2018-12-01 00:24:00
420,673494,Inspection,11,27.0,2018-12-01 00:11:00,97,16.0,27591,2018-12-01,2018-12-01,2018-12-01 00:27:00
422,673494,Check valve positions,19,38.0,2018-12-01 00:19:00,97,19.0,7573,2018-12-01,2018-12-01,2018-12-01 00:38:00
424,673494,Tire Rotation,30,46.0,2018-12-01 00:30:00,97,16.0,10969,2018-12-01,2018-12-01,2018-12-01 00:46:00
425,673494,Discharge,33,49.0,2018-12-01 00:33:00,97,16.0,44622,2018-12-01,2018-12-01,2018-12-01 00:49:00
426,104857,Registration,16,30.0,2018-12-01 00:16:00,15,14.0,15821,2018-12-01,2018-12-01,2018-12-01 00:30:00
427,104857,Inspection,17,32.0,2018-12-01 00:17:00,15,15.0,10416,2018-12-01,2018-12-01,2018-12-01 00:32:00
429,104857,Check valve positions,21,41.0,2018-12-01 00:21:00,15,20.0,6739,2018-12-01,2018-12-01,2018-12-01 00:41:00
431,104857,Tire Rotation,31,45.0,2018-12-01 00:31:00,15,14.0,24790,2018-12-01,2018-12-01,2018-12-01 00:45:00
432,104857,Discharge,32,46.0,2018-12-01 00:32:00,15,14.0,35581,2018-12-01,2018-12-01,2018-12-01 00:46:00
433,194936,Registration,24,38.0,2018-12-01 00:24:00,97,14.0,19269,2018-12-01,2018-12-01,2018-12-01 00:38:00
434,194936,Inspection,25,40.0,2018-12-01 00:25:00,97,15.0,36058,2018-12-01,2018-12-01,2018-12-01 00:40:00
436,194936,Check valve positions,28,49.0,2018-12-01 00:28:00,97,21.0,46636,2018-12-01,2018-12-01,2018-12-01 00:49:00
438,194936,Tire Rotation,42,58.0,2018-12-01 00:42:00,97,16.0,20608,2018-12-01,2018-12-01,2018-12-01 00:58:00
439,194936,Discharge,47,61.0,2018-12-01 00:47:00,97,14.0,6562,2018-12-01,2018-12-01,2018-12-01 01:48:00
440,659924,Registration,57,71.0,2018-12-01 00:57:00,72,14.0,13606,2018-12-01,2018-12-01,2018-12-01 01:58:00
441,659924,Inspection,58,73.0,2018-12-01 00:58:00,72,15.0,42732,2018-12-01,2018-12-01,2018-12-01 01:13:00
442,659924,Oil Change,60,76.0,2018-12-01 01:00:00,72,16.0,20802,2018-12-01,2018-12-01,2018-12-01 01:16:00
443,659924,Engine Inspection,65,79.0,2018-12-01 01:05:00,72,14.0,2596,2018-12-01,2018-12-01,2018-12-01 01:19:00
444,659924,Diagnosis and Tune-up,68,84.0,2018-12-01 01:08:00,72,16.0,1786,2018-12-01,2018-12-01,2018-12-01 01:24:00
445,659924,Tire Rotation,72,86.0,2018-12-01 01:12:00,72,14.0,688,2018-12-01,2018-12-01,2018-12-01 01:26:00
446,659924,Discharge,73,87.0,2018-12-01 01:13:00,72,14.0,51567,2018-12-01,2018-12-01,2018-12-01 01:27:00
447,758790,Registration,35,49.0,2018-12-01 00:35:00,8,14.0,19369,2018-12-01,2018-12-01,2018-12-01 00:49:00
448,758790,Inspection,37,51.0,2018-12-01 00:37:00,8,14.0,47610,2018-12-01,2018-12-01,2018-12-01 00:51:00
450,758790,Check valve positions,41,63.0,2018-12-01 00:41:00,8,22.0,20987,2018-12-01,2018-12-01,2018-12-01 01:50:00
452,758790,Tire Rotation,55,69.0,2018-12-01 00:55:00,8,14.0,25642,2018-12-01,2018-12-01,2018-12-01 01:56:00
453,758790,Discharge,56,72.0,2018-12-01 00:56:00,8,16.0,20531,2018-12-01,2018-12-01,2018-12-01 01:59:00
454,901719,Registration,40,54.0,2018-12-01 00:40:00,97,14.0,26119,2018-12-01,2018-12-01,2018-12-01 00:54:00
455,901719,Inspection,42,57.0,2018-12-01 00:42:00,97,15.0,4126,2018-12-01,2018-12-01,2018-12-01 00:57:00
457,901719,Check valve positions,48,71.0,2018-12-01 00:48:00,97,23.0,20797,2018-12-01,2018-12-01,2018-12-01 01:58:00
459,901719,Tire Rotation,62,77.0,2018-12-01 01:02:00,97,15.0,29875,2018-12-01,2018-12-01,2018-12-01 01:17:00
460,901719,Discharge,64,80.0,2018-12-01 01:04:00,97,16.0,7298,2018-12-01,2018-12-01,2018-12-01 01:20:00
461,310787,Registration,48,62.0,2018-12-01 00:48:00,32,14.0,16388,2018-12-01,2018-12-01,2018-12-01 01:49:00
462,310787,Inspection,49,64.0,2018-12-01 00:49:00,32,15.0,14102,2018-12-01,2018-12-01,2018-12-01 01:51:00
464,310787,Check valve positions,53,71.0,2018-12-01 00:53:00,32,18.0,40488,2018-12-01,2018-12-01,2018-12-01 01:58:00
466,310787,Tire Rotation,66,80.0,2018-12-01 01:06:00,32,14.0,35580,2018-12-01,2018-12-01,2018-12-01 01:20:00
467,310787,Discharge,69,83.0,2018-12-01 01:09:00,32,14.0,45101,2018-12-01,2018-12-01,2018-12-01 01:23:00
468,126762,Registration,56,70.0,2018-12-01 00:56:00,15,14.0,30731,2018-12-01,2018-12-01,2018-12-01 01:57:00
469,126762,Inspection,60,76.0,2018-12-01 01:00:00,15,16.0,43373,2018-12-01,2018-12-01,2018-12-01 01:16:00
471,126762,Check valve positions,66,87.0,2018-12-01 01:06:00,15,21.0,16979,2018-12-01,2018-12-01,2018-12-01 01:27:00
473,126762,Tire Rotation,79,93.0,2018-12-01 01:19:00,15,14.0,35494,2018-12-01,2018-12-01,2018-12-01 01:33:00
474,126762,Discharge,82,98.0,2018-12-01 01:22:00,15,16.0,13620,2018-12-01,2018-12-01,2018-12-01 01:38:00
475,779245,Registration,65,79.0,2018-12-01 01:05:00,63,14.0,20140,2018-12-01,2018-12-01,2018-12-01 01:19:00
476,779245,Inspection,66,80.0,2018-12-01 01:06:00,63,14.0,13055,2018-12-01,2018-12-01,2018-12-01 01:20:00
478,779245,Check valve positions,68,90.0,2018-12-01 01:08:00,63,22.0,23623,2018-12-01,2018-12-01,2018-12-01 01:30:00
480,779245,Tire Rotation,80,96.0,2018-12-01 01:20:00,63,16.0,18401,2018-12-01,2018-12-01,2018-12-01 01:36:00
481,779245,Discharge,83,97.0,2018-12-01 01:23:00,63,14.0,5859,2018-12-01,2018-12-01,2018-12-01 01:37:00
482,348856,Registration,75,89.0,2018-12-01 01:15:00,97,14.0,49367,2018-12-01,2018-12-01,2018-12-01 01:29:00
483,348856,Inspection,76,91.0,2018-12-01 01:16:00,97,15.0,29353,2018-12-01,2018-12-01,2018-12-01 01:31:00
485,348856,Check valve positions,80,103.0,2018-12-01 01:20:00,97,23.0,42730,2018-12-01,2018-12-01,2018-12-01 01:43:00
487,348856,Tire Rotation,94,110.0,2018-12-01 01:34:00,97,16.0,42170,2018-12-01,2018-12-01,2018-12-01 01:50:00
488,348856,Discharge,97,112.0,2018-12-01 01:37:00,97,15.0,22209,2018-12-01,2018-12-01,2018-12-01 01:52:00
489,939078,Registration,80,94.0,2018-12-01 01:20:00,60,14.0,14904,2018-12-01,2018-12-01,2018-12-01 01:34:00
490,939078,Inspection,81,95.0,2018-12-01 01:21:00,60,14.0,25590,2018-12-01,2018-12-01,2018-12-01 01:35:00
492,939078,Check valve positions,86,106.0,2018-12-01 01:26:00,60,20.0,2690,2018-12-01,2018-12-01,2018-12-01 01:46:00
494,939078,Tire Rotation,95,110.0,2018-12-01 01:35:00,60,15.0,12242,2018-12-01,2018-12-01,2018-12-01 01:50:00
495,939078,Discharge,100,115.0,2018-12-01 01:40:00,60,15.0,20757,2018-12-01,2018-12-01,2018-12-01 01:55:00
496,756531,Registration,88,102.0,2018-12-01 01:28:00,97,14.0,51952,2018-12-01,2018-12-01,2018-12-01 01:42:00
497,756531,Inspection,89,104.0,2018-12-01 01:29:00,97,15.0,37945,2018-12-01,2018-12-01,2018-12-01 01:44:00
499,756531,Check valve positions,93,114.0,2018-12-01 01:33:00,97,21.0,16111,2018-12-01,2018-12-01,2018-12-01 01:54:00
501,756531,Tire Rotation,104,119.0,2018-12-01 01:44:00,97,15.0,6615,2018-12-01,2018-12-01,2018-12-01 01:59:00
502,756531,Discharge,107,121.0,2018-12-01 01:47:00,97,14.0,35666,2018-12-01,2018-12-01,2018-12-01 02:48:00
503,745738,Registration,99,113.0,2018-12-01 01:39:00,8,14.0,40068,2018-12-01,2018-12-01,2018-12-01 01:53:00
504,745738,Inspection,100,116.0,2018-12-01 01:40:00,8,16.0,37944,2018-12-01,2018-12-01,2018-12-01 01:56:00
506,745738,Check valve positions,106,128.0,2018-12-01 01:46:00,8,22.0,6032,2018-12-01,2018-12-01,2018-12-01 02:55:00
508,745738,Tire Rotation,121,136.0,2018-12-01 02:01:00,8,15.0,14428,2018-12-01,2018-12-01,2018-12-01 02:16:00
509,745738,Discharge,123,137.0,2018-12-01 02:03:00,8,14.0,1335,2018-12-01,2018-12-01,2018-12-01 02:17:00
510,525126,Registration,104,118.0,2018-12-01 01:44:00,32,14.0,15975,2018-12-01,2018-12-01,2018-12-01 01:58:00
511,525126,Inspection,106,121.0,2018-12-01 01:46:00,32,15.0,26330,2018-12-01,2018-12-01,2018-12-01 02:48:00
513,525126,Check valve positions,112,135.0,2018-12-01 01:52:00,32,23.0,17567,2018-12-01,2018-12-01,2018-12-01 02:15:00
515,525126,Tire Rotation,126,140.0,2018-12-01 02:06:00,32,14.0,4647,2018-12-01,2018-12-01,2018-12-01 02:20:00
516,525126,Discharge,127,141.0,2018-12-01 02:07:00,32,14.0,47786,2018-12-01,2018-12-01,2018-12-01 02:21:00
517,981929,Registration,64,79.0,2018-12-01 01:04:00,32,15.0,4923,2018-12-01,2018-12-01,2018-12-01 01:19:00
518,981929,Inspection,67,83.0,2018-12-01 01:07:00,32,16.0,1409,2018-12-01,2018-12-01,2018-12-01 01:23:00
519,981929,Oil Change,70,85.0,2018-12-01 01:10:00,32,15.0,41640,2018-12-01,2018-12-01,2018-12-01 01:25:00
520,981929,Engine Inspection,72,86.0,2018-12-01 01:12:00,32,14.0,649,2018-12-01,2018-12-01,2018-12-01 01:26:00
521,981929,Diagnosis and Tune-up,74,89.0,2018-12-01 01:14:00,32,15.0,19059,2018-12-01,2018-12-01,2018-12-01 01:29:00
522,981929,Tire Rotation,76,91.0,2018-12-01 01:16:00,32,15.0,49199,2018-12-01,2018-12-01,2018-12-01 01:31:00
523,981929,Discharge,78,92.0,2018-12-01 01:18:00,32,14.0,51916,2018-12-01,2018-12-01,2018-12-01 01:32:00
524,442611,Registration,112,126.0,2018-12-01 01:52:00,17,14.0,23539,2018-12-01,2018-12-01,2018-12-01 02:53:00
525,442611,Inspection,114,129.0,2018-12-01 01:54:00,17,15.0,32326,2018-12-01,2018-12-01,2018-12-01 02:56:00
527,442611,Check valve positions,119,140.0,2018-12-01 01:59:00,17,21.0,10104,2018-12-01,2018-12-01,2018-12-01 02:20:00
529,442611,Tire Rotation,132,148.0,2018-12-01 02:12:00,17,16.0,32861,2018-12-01,2018-12-01,2018-12-01 02:28:00
530,442611,Discharge,135,151.0,2018-12-01 02:15:00,17,16.0,50970,2018-12-01,2018-12-01,2018-12-01 02:31:00
531,532380,Registration,123,137.0,2018-12-01 02:03:00,15,14.0,52100,2018-12-01,2018-12-01,2018-12-01 02:17:00
532,532380,Inspection,127,141.0,2018-12-01 02:07:00,15,14.0,21501,2018-12-01,2018-12-01,2018-12-01 02:21:00
534,532380,Check valve positions,133,153.0,2018-12-01 02:13:00,15,20.0,33375,2018-12-01,2018-12-01,2018-12-01 02:33:00
536,532380,Tire Rotation,142,157.0,2018-12-01 02:22:00,15,15.0,11353,2018-12-01,2018-12-01,2018-12-01 02:37:00
537,532380,Discharge,144,158.0,2018-12-01 02:24:00,15,14.0,11768,2018-12-01,2018-12-01,2018-12-01 02:38:00
538,870355,Registration,131,145.0,2018-12-01 02:11:00,97,14.0,50869,2018-12-01,2018-12-01,2018-12-01 02:25:00
539,870355,Inspection,135,149.0,2018-12-01 02:15:00,97,14.0,9801,2018-12-01,2018-12-01,2018-12-01 02:29:00
541,870355,Check valve positions,138,160.0,2018-12-01 02:18:00,97,22.0,20957,2018-12-01,2018-12-01,2018-12-01 02:40:00
543,870355,Tire Rotation,151,165.0,2018-12-01 02:31:00,97,14.0,7004,2018-12-01,2018-12-01,2018-12-01 02:45:00
544,870355,Discharge,152,168.0,2018-12-01 02:32:00,97,16.0,46486,2018-12-01,2018-12-01,2018-12-01 02:48:00
545,954398,Registration,136,150.0,2018-12-01 02:16:00,60,14.0,33708,2018-12-01,2018-12-01,2018-12-01 02:30:00
546,954398,Inspection,138,153.0,2018-12-01 02:18:00,60,15.0,39445,2018-12-01,2018-12-01,2018-12-01 02:33:00
548,954398,Check valve positions,142,165.0,2018-12-01 02:22:00,60,23.0,8277,2018-12-01,2018-12-01,2018-12-01 02:45:00
550,954398,Tire Rotation,154,170.0,2018-12-01 02:34:00,60,16.0,9285,2018-12-01,2018-12-01,2018-12-01 02:50:00
551,954398,Discharge,157,173.0,2018-12-01 02:37:00,60,16.0,35749,2018-12-01,2018-12-01,2018-12-01 02:53:00
552,702866,Registration,147,161.0,2018-12-01 02:27:00,63,14.0,47358,2018-12-01,2018-12-01,2018-12-01 02:41:00
553,702866,Inspection,148,162.0,2018-12-01 02:28:00,63,14.0,2081,2018-12-01,2018-12-01,2018-12-01 02:42:00
555,702866,Check valve positions,156,177.0,2018-12-01 02:36:00,63,21.0,20713,2018-12-01,2018-12-01,2018-12-01 02:57:00
557,702866,Tire Rotation,168,183.0,2018-12-01 02:48:00,63,15.0,52681,2018-12-01,2018-12-01,2018-12-01 03:50:00
558,702866,Discharge,170,184.0,2018-12-01 02:50:00,63,14.0,44053,2018-12-01,2018-12-01,2018-12-01 03:51:00
559,199071,Registration,152,166.0,2018-12-01 02:32:00,97,14.0,36238,2018-12-01,2018-12-01,2018-12-01 02:46:00
560,199071,Inspection,153,168.0,2018-12-01 02:33:00,97,15.0,48901,2018-12-01,2018-12-01,2018-12-01 02:48:00
562,199071,Check valve positions,159,181.0,2018-12-01 02:39:00,97,22.0,13463,2018-12-01,2018-12-01,2018-12-01 03:48:00
564,199071,Tire Rotation,170,184.0,2018-12-01 02:50:00,97,14.0,19590,2018-12-01,2018-12-01,2018-12-01 03:51:00
565,199071,Discharge,172,187.0,2018-12-01 02:52:00,97,15.0,28353,2018-12-01,2018-12-01,2018-12-01 03:54:00
566,318104,Registration,161,175.0,2018-12-01 02:41:00,97,14.0,35225,2018-12-01,2018-12-01,2018-12-01 02:55:00
567,318104,Inspection,162,176.0,2018-12-01 02:42:00,97,14.0,10347,2018-12-01,2018-12-01,2018-12-01 02:56:00
569,318104,Check valve positions,165,184.0,2018-12-01 02:45:00,97,19.0,46846,2018-12-01,2018-12-01,2018-12-01 03:51:00
571,318104,Tire Rotation,173,187.0,2018-12-01 02:53:00,97,14.0,16206,2018-12-01,2018-12-01,2018-12-01 03:54:00
572,318104,Discharge,174,188.0,2018-12-01 02:54:00,97,14.0,16553,2018-12-01,2018-12-01,2018-12-01 03:55:00
573,297962,Registration,168,182.0,2018-12-01 02:48:00,63,14.0,50972,2018-12-01,2018-12-01,2018-12-01 03:49:00
574,297962,Inspection,172,188.0,2018-12-01 02:52:00,63,16.0,4221,2018-12-01,2018-12-01,2018-12-01 03:55:00
576,297962,Check valve positions,177,200.0,2018-12-01 02:57:00,63,23.0,29274,2018-12-01,2018-12-01,2018-12-01 03:20:00
578,297962,Tire Rotation,190,204.0,2018-12-01 03:10:00,63,14.0,35996,2018-12-01,2018-12-01,2018-12-01 03:24:00
579,297962,Discharge,192,206.0,2018-12-01 03:12:00,63,14.0,16398,2018-12-01,2018-12-01,2018-12-01 03:26:00
580,616122,Registration,176,190.0,2018-12-01 02:56:00,57,14.0,35479,2018-12-01,2018-12-01,2018-12-01 03:57:00
581,616122,Inspection,178,193.0,2018-12-01 02:58:00,57,15.0,28796,2018-12-01,2018-12-01,2018-12-01 03:13:00
583,616122,Check valve positions,182,203.0,2018-12-01 03:02:00,57,21.0,29708,2018-12-01,2018-12-01,2018-12-01 03:23:00
585,616122,Tire Rotation,193,207.0,2018-12-01 03:13:00,57,14.0,25933,2018-12-01,2018-12-01,2018-12-01 03:27:00
586,616122,Discharge,195,209.0,2018-12-01 03:15:00,57,14.0,22195,2018-12-01,2018-12-01,2018-12-01 03:29:00
587,925346,Registration,72,87.0,2018-12-01 01:12:00,63,15.0,11240,2018-12-01,2018-12-01,2018-12-01 01:27:00
588,925346,Inspection,74,90.0,2018-12-01 01:14:00,63,16.0,16906,2018-12-01,2018-12-01,2018-12-01 01:30:00
589,925346,Oil Change,77,92.0,2018-12-01 01:17:00,63,15.0,31836,2018-12-01,2018-12-01,2018-12-01 01:32:00
590,925346,Engine Inspection,79,93.0,2018-12-01 01:19:00,63,14.0,1599,2018-12-01,2018-12-01,2018-12-01 01:33:00
591,925346,Diagnosis and Tune-up,81,95.0,2018-12-01 01:21:00,63,14.0,51974,2018-12-01,2018-12-01,2018-12-01 01:35:00
592,925346,Tire Rotation,84,98.0,2018-12-01 01:24:00,63,14.0,42365,2018-12-01,2018-12-01,2018-12-01 01:38:00
593,925346,Discharge,87,101.0,2018-12-01 01:27:00,63,14.0,27307,2018-12-01,2018-12-01,2018-12-01 01:41:00
